CREATE TABLE `ages` (
`id` varchar(256) NOT NULL COMMENT  'id',
`name` varchar(255) DEFAULT NULL COMMENT  'name',
`number` int DEFAULT 0 COMMENT  'number',
`create_id` varchar(100) DEFAULT NULL COMMENT 'created_id',
`update_id` varchar(100) DEFAULT NULL COMMENT 'updated_id',
`delete_id` varchar(100) DEFAULT NULL COMMENT 'deleted_id',
`create_at` bigint(20) DEFAULT 0 COMMENT 'created_at',
`update_at` bigint(20) DEFAULT 0 COMMENT 'updated_at',
`delete_at` bigint(20) DEFAULT 0 COMMENT 'delete_at',
PRIMARY KEY (`id`),
KEY `idx_id_delete` (`id`,`delete_at`)
) COMMENT 'ages' DEFAULT CHARSET = utf8mb4 COLLATE = utf8mb4_unicode_ci ;

CREATE TABLE `lesson_types` (
`id` varchar(256) NOT NULL COMMENT  'id',
`name` varchar(255) DEFAULT NULL COMMENT  'name',
`number` int DEFAULT 0 COMMENT  'number',
`create_id` varchar(100) DEFAULT NULL COMMENT 'created_id',
`update_id` varchar(100) DEFAULT NULL COMMENT 'updated_id',
`delete_id` varchar(100) DEFAULT NULL COMMENT 'deleted_id',
`create_at` bigint(20) DEFAULT 0 COMMENT 'created_at',
`update_at` bigint(20) DEFAULT 0 COMMENT 'updated_at',
`delete_at` bigint(20) DEFAULT 0 COMMENT 'delete_at',
PRIMARY KEY (`id`),
KEY `idx_id_delete` (`id`,`delete_at`)
) COMMENT 'lesson_types' DEFAULT CHARSET = utf8mb4 COLLATE = utf8mb4_unicode_ci ;

CREATE TABLE `grades` (
`id` varchar(256) NOT NULL COMMENT  'id',
`name` varchar(255) DEFAULT NULL COMMENT  'name',
`number` int DEFAULT 0 COMMENT  'number',
`create_id` varchar(100) DEFAULT NULL COMMENT 'created_id',
`update_id` varchar(100) DEFAULT NULL COMMENT 'updated_id',
`delete_id` varchar(100) DEFAULT NULL COMMENT 'deleted_id',
`create_at` bigint(20) DEFAULT 0 COMMENT 'created_at',
`update_at` bigint(20) DEFAULT 0 COMMENT 'updated_at',
`delete_at` bigint(20) DEFAULT 0 COMMENT 'delete_at',
PRIMARY KEY (`id`),
KEY `idx_id_delete` (`id`,`delete_at`)
) COMMENT 'grades' DEFAULT CHARSET = utf8mb4 COLLATE = utf8mb4_unicode_ci ;

CREATE TABLE `developmentals` (
`id` varchar(256) NOT NULL COMMENT  'id',
`name` varchar(255) DEFAULT NULL COMMENT  'name',
`number` int DEFAULT 0 COMMENT  'number',
`create_id` varchar(100) DEFAULT NULL COMMENT 'created_id',
`update_id` varchar(100) DEFAULT NULL COMMENT 'updated_id',
`delete_id` varchar(100) DEFAULT NULL COMMENT 'deleted_id',
`create_at` bigint(20) DEFAULT 0 COMMENT 'created_at',
`update_at` bigint(20) DEFAULT 0 COMMENT 'updated_at',
`delete_at` bigint(20) DEFAULT 0 COMMENT 'delete_at',
PRIMARY KEY (`id`),
KEY `idx_id_delete` (`id`,`delete_at`)
) COMMENT 'developmentals' DEFAULT CHARSET = utf8mb4 COLLATE = utf8mb4_unicode_ci ;

CREATE TABLE `class_types` (
`id` varchar(256) NOT NULL COMMENT  'id',
`name` varchar(255) DEFAULT NULL COMMENT  'name',
`number` int DEFAULT 0 COMMENT  'number',
`create_id` varchar(100) DEFAULT NULL COMMENT 'created_id',
`update_id` varchar(100) DEFAULT NULL COMMENT 'updated_id',
`delete_id` varchar(100) DEFAULT NULL COMMENT 'deleted_id',
`create_at` bigint(20) DEFAULT 0 COMMENT 'created_at',
`update_at` bigint(20) DEFAULT 0 COMMENT 'updated_at',
`delete_at` bigint(20) DEFAULT 0 COMMENT 'delete_at',
PRIMARY KEY (`id`),
KEY `idx_id_delete` (`id`,`delete_at`)
) COMMENT 'class_types' DEFAULT CHARSET = utf8mb4 COLLATE = utf8mb4_unicode_ci ;

CREATE TABLE `programs` (
`id` varchar(256) NOT NULL COMMENT  'id',
`name` varchar(255) DEFAULT NULL COMMENT  'name',
`number` int DEFAULT 0 COMMENT  'number',
`create_id` varchar(100) DEFAULT NULL COMMENT 'created_id',
`update_id` varchar(100) DEFAULT NULL COMMENT 'updated_id',
`delete_id` varchar(100) DEFAULT NULL COMMENT 'deleted_id',
`create_at` bigint(20) DEFAULT 0 COMMENT 'created_at',
`update_at` bigint(20) DEFAULT 0 COMMENT 'updated_at',
`delete_at` bigint(20) DEFAULT 0 COMMENT 'delete_at',
PRIMARY KEY (`id`),
KEY `idx_id_delete` (`id`,`delete_at`)
) COMMENT 'programs' DEFAULT CHARSET = utf8mb4 COLLATE = utf8mb4_unicode_ci ;

CREATE TABLE `subjects` (
`id` varchar(256) NOT NULL COMMENT  'id',
`name` varchar(255) DEFAULT NULL COMMENT  'name',
`number` int DEFAULT 0 COMMENT  'number',
`create_id` varchar(100) DEFAULT NULL COMMENT 'created_id',
`update_id` varchar(100) DEFAULT NULL COMMENT 'updated_id',
`delete_id` varchar(100) DEFAULT NULL COMMENT 'deleted_id',
`create_at` bigint(20) DEFAULT 0 COMMENT 'created_at',
`update_at` bigint(20) DEFAULT 0 COMMENT 'updated_at',
`delete_at` bigint(20) DEFAULT 0 COMMENT 'delete_at',
PRIMARY KEY (`id`),
KEY `idx_id_delete` (`id`,`delete_at`)
) COMMENT 'subjects' DEFAULT CHARSET = utf8mb4 COLLATE = utf8mb4_unicode_ci ;

CREATE TABLE `skills` (
`id` varchar(256) NOT NULL COMMENT  'id',
`name` varchar(255) DEFAULT NULL COMMENT  'name',
`number` int DEFAULT 0 COMMENT  'number',
`create_id` varchar(100) DEFAULT NULL COMMENT 'created_id',
`update_id` varchar(100) DEFAULT NULL COMMENT 'updated_id',
`delete_id` varchar(100) DEFAULT NULL COMMENT 'deleted_id',
`create_at` bigint(20) DEFAULT 0 COMMENT 'created_at',
`update_at` bigint(20) DEFAULT 0 COMMENT 'updated_at',
`delete_at` bigint(20) DEFAULT 0 COMMENT 'delete_at',
PRIMARY KEY (`id`),
KEY `idx_id_delete` (`id`,`delete_at`)
) COMMENT 'skills' DEFAULT CHARSET = utf8mb4 COLLATE = utf8mb4_unicode_ci ;

CREATE TABLE `visibility_settings` (
`id` varchar(256) NOT NULL COMMENT  'id',
`name` varchar(255) DEFAULT NULL COMMENT  'name',
`number` int DEFAULT 0 COMMENT  'number',
`create_id` varchar(100) DEFAULT NULL COMMENT 'created_id',
`update_id` varchar(100) DEFAULT NULL COMMENT 'updated_id',
`delete_id` varchar(100) DEFAULT NULL COMMENT 'deleted_id',
`create_at` bigint(20) DEFAULT 0 COMMENT 'created_at',
`update_at` bigint(20) DEFAULT 0 COMMENT 'updated_at',
`delete_at` bigint(20) DEFAULT 0 COMMENT 'delete_at',
PRIMARY KEY (`id`),
KEY `idx_id_delete` (`id`,`delete_at`)
) COMMENT 'visibility_settings' DEFAULT CHARSET = utf8mb4 COLLATE = utf8mb4_unicode_ci ;

CREATE TABLE IF NOT EXISTS `programs_ages` (
  `id` varchar(50) NOT NULL COMMENT 'id',
  `program_id` varchar(100) NOT NULL COMMENT 'program_id',
  `age_id` varchar(100) NOT NULL COMMENT 'age_id',
  PRIMARY KEY (`id`),
  KEY `idx_program_id` (`program_id`),
  KEY `idx_age_id` (`age_id`)
) ENGINE=InnoDB DEFAULT CHARSET = utf8mb4 COLLATE = utf8mb4_unicode_ci COMMENT='programs_ages';

CREATE TABLE IF NOT EXISTS `programs_developments` (
  `id` varchar(50) NOT NULL COMMENT 'id',
  `program_id` varchar(100) NOT NULL COMMENT 'program_id',
  `development_id` varchar(100) NOT NULL COMMENT 'development_id',
  PRIMARY KEY (`id`),
  KEY `idx_program_id` (`program_id`),
  KEY `idx_development_id` (`development_id`)
) ENGINE=InnoDB DEFAULT CHARSET = utf8mb4 COLLATE = utf8mb4_unicode_ci COMMENT='programs_developments';

CREATE TABLE IF NOT EXISTS `programs_grades` (
  `id` varchar(50) NOT NULL COMMENT 'id',
  `program_id` varchar(100) NOT NULL COMMENT 'program_id',
  `grade_id` varchar(100) NOT NULL COMMENT 'grade_id',
  PRIMARY KEY (`id`),
  KEY `idx_program_id` (`program_id`),
  KEY `idx_grade_id` (`grade_id`)
) ENGINE=InnoDB DEFAULT CHARSET = utf8mb4 COLLATE = utf8mb4_unicode_ci COMMENT='programs_grades';

CREATE TABLE IF NOT EXISTS `developments_skills` (
  `id` varchar(50) NOT NULL COMMENT 'id',
  `program_id` varchar(100) NOT NULL COMMENT 'program_id',
  `development_id` varchar(100) NOT NULL COMMENT 'development_id',
  `skill_id` varchar(100) NOT NULL COMMENT 'skill_id',
  PRIMARY KEY (`id`),
  KEY `idx_program_id` (`program_id`),
  KEY `idx_development_id` (`development_id`),
  KEY `idx_skill_id` (`skill_id`),
  Key `idx_program_develop_skill` (`program_id`,`development_id`,`skill_id`)
) ENGINE=InnoDB DEFAULT CHARSET = utf8mb4 COLLATE = utf8mb4_unicode_ci COMMENT='developments_skills';

CREATE TABLE IF NOT EXISTS `programs_subjects` (
  `id` varchar(50) NOT NULL COMMENT 'id',
  `program_id` varchar(100) NOT NULL COMMENT 'program_id',
  `subject_id` varchar(100) NOT NULL COMMENT 'subject_id',
  PRIMARY KEY (`id`),
  KEY `idx_program_id` (`program_id`),
  KEY `idx_subject_id` (`subject_id`)
) ENGINE=InnoDB DEFAULT CHARSET = utf8mb4 COLLATE = utf8mb4_unicode_ci COMMENT='programs_subjects';

INSERT INTO `lesson_types` (`id`, `name`, `create_id`, `update_id`, `delete_id`, `create_at`, `update_at`, `delete_at`, `number`) VALUES
('1','library_label_test',NULL,NULL,NULL,0,0,0,0),
('2','library_label_not_test',NULL,NULL,NULL,0,0,0,0);

INSERT INTO `ages` (`id`, `name`, `create_id`, `update_id`, `delete_id`, `create_at`, `update_at`, `delete_at`, `number`) VALUES
('age0','None Specified',NULL,NULL,NULL,0,0,0,1000),
('age1','3-4',NULL,NULL,NULL,0,0,0,0),
('age2','4-5',NULL,NULL,NULL,0,0,0,0),
('age3','5-6',NULL,NULL,NULL,0,0,0,0),
('age4','6-7',NULL,NULL,NULL,0,0,0,0),
('age5','7-8',NULL,NULL,NULL,0,0,0,0);

INSERT INTO `grades` (`id`, `name`, `create_id`, `update_id`, `delete_id`, `create_at`, `update_at`, `delete_at`, `number`) VALUES
('grade0','None Specified',NULL,NULL,NULL,0,0,0,1000),
('grade10','PreK-6',NULL,NULL,NULL,0,0,0,0),
('grade11','PreK-7',NULL,NULL,NULL,0,0,0,0),
('grade12','Kindergarten',NULL,NULL,NULL,0,0,0,0),
('grade2','PreK-1',NULL,NULL,NULL,0,0,0,0),
('grade3','PreK-2',NULL,NULL,NULL,0,0,0,0),
('grade4','K',NULL,NULL,NULL,0,0,0,0),
('grade5','Grade 1',NULL,NULL,NULL,0,0,0,0),
('grade6','Grade 2',NULL,NULL,NULL,0,0,0,0),
('grade7','PreK-3',NULL,NULL,NULL,0,0,0,0),
('grade8','PreK-4',NULL,NULL,NULL,0,0,0,0),
('grade9','PreK-5',NULL,NULL,NULL,0,0,0,0);

INSERT INTO `developmentals` (`id`, `name`, `create_id`, `update_id`, `delete_id`, `create_at`, `update_at`, `delete_at`, `number`) VALUES
('developmental0','None Specified',NULL,NULL,NULL,0,0,0,1000),
('developmental1','Speech & Language Skills',NULL,NULL,NULL,0,0,0,0),
('developmental10','Literacy',NULL,NULL,NULL,0,0,0,0),
('developmental11','Whole-Child',NULL,NULL,NULL,0,0,0,0),
('developmental12','Knowledge',NULL,NULL,NULL,0,0,0,0),
('developmental2','Fine Motor Skills',NULL,NULL,NULL,0,0,0,0),
('developmental3','Gross Motor Skills',NULL,NULL,NULL,0,0,0,0),
('developmental4','Cognitive Skills','','64a36ec1-7aa2-53ab-bb96-4c4ff752096b','',0,1605841134,0,0),
('developmental5','Personal Development',NULL,NULL,NULL,0,0,0,0),
('developmental6','Language and Numeracy Skills',NULL,NULL,NULL,0,0,0,0),
('developmental7','Cognitive',NULL,NULL,NULL,0,0,0,0),
('developmental8','Social and Emotional',NULL,NULL,NULL,0,0,0,0),
('developmental9','Oral Language','','64a36ec1-7aa2-53ab-bb96-4c4ff752096b','',0,1605514234,0,0);

INSERT INTO `class_types` (`id`, `name`, `create_id`, `update_id`, `delete_id`, `create_at`, `update_at`, `delete_at`, `number`) VALUES
('Homework','schedule_detail_homework',NULL,NULL,NULL,0,0,0,0),
('OfflineClass','schedule_detail_offline_class',NULL,NULL,NULL,0,0,0,0),
('OnlineClass','schedule_detail_online_class',NULL,NULL,NULL,0,0,0,0),
('Task','schedule_detail_task',NULL,NULL,NULL,0,0,0,0);

INSERT INTO `programs` (`id`, `name`, `create_id`, `update_id`, `delete_id`, `create_at`, `update_at`, `delete_at`, `number`) VALUES
('program0','None Specified',NULL,NULL,NULL,0,0,0,1000),
('program1','Bada Talk','','64a36ec1-7aa2-53ab-bb96-4c4ff752096b','',0,1605515152,0,0),
('program2','Bada Math','','64a36ec1-7aa2-53ab-bb96-4c4ff752096b','',0,1605841394,0,0),
('program3','Bada STEM',NULL,NULL,NULL,0,0,0,0),
('program4','Bada Genius','','64a36ec1-7aa2-53ab-bb96-4c4ff752096b','',0,1605514594,0,0),
('program5','Bada Read','','64a36ec1-7aa2-53ab-bb96-4c4ff752096b','',0,1605515005,0,0),
('program6','Bada Sound','','64a36ec1-7aa2-53ab-bb96-4c4ff752096b','',0,1605515107,0,0),
('program7','Bada Rhyme',NULL,NULL,NULL,0,0,0,0);

INSERT INTO `subjects` (`id`, `name`, `create_id`, `update_id`, `delete_id`, `create_at`, `update_at`, `delete_at`, `number`) VALUES
('subject0','None Specified',NULL,NULL,NULL,0,0,0,1000),
('subject1','Language/Literacy',NULL,NULL,NULL,0,0,0,0),
('subject2','Math',NULL,NULL,NULL,0,0,0,0),
('subject3','Science',NULL,NULL,NULL,0,0,0,0);

INSERT INTO `skills` (`id`, `name`,  `create_id`, `update_id`, `delete_id`, `create_at`, `update_at`, `delete_at`, `number`) VALUES
('5fb241c7993e7591084c83f7','Art','64a36ec1-7aa2-53ab-bb96-4c4ff752096b','','',1605517767,0,0,0),
('5fb241d2993e7591084c83fa','Social Studies','64a36ec1-7aa2-53ab-bb96-4c4ff752096b','','',1605517778,0,0,0),
('5fb241e7993e7591084c83fd','Health','64a36ec1-7aa2-53ab-bb96-4c4ff752096b','','',1605517799,0,0,0),
('5fb241f2993e7591084c8400','Music','64a36ec1-7aa2-53ab-bb96-4c4ff752096b','','',1605517810,0,0,0),
('5fb241fe993e7591084c8403','Character Education','64a36ec1-7aa2-53ab-bb96-4c4ff752096b','64a36ec1-7aa2-53ab-bb96-4c4ff752096b','',1605517822,1605842178,0,0),
('5fb242d6993e7591084c842d','Reading','64a36ec1-7aa2-53ab-bb96-4c4ff752096b','','',1605518038,0,0,0),
('5fb243d2993e7591084c8448','Drawing','64a36ec1-7aa2-53ab-bb96-4c4ff752096b','','',1605518290,0,0,0),
('5fb243db993e7591084c844b','Tracing','64a36ec1-7aa2-53ab-bb96-4c4ff752096b','','',1605518299,0,0,0),
('5fb243e1993e7591084c844e','Coloring','64a36ec1-7aa2-53ab-bb96-4c4ff752096b','','',1605518305,0,0,0),
('5fb243e8993e7591084c8451','Writing','64a36ec1-7aa2-53ab-bb96-4c4ff752096b','','64a36ec1-7aa2-53ab-bb96-4c4ff752096b',1605518312,0,1605518420,0),
('5fb243f4993e7591084c8454','Drag','64a36ec1-7aa2-53ab-bb96-4c4ff752096b','','',1605518324,0,0,0),
('5fb243f9993e7591084c8457','Click','64a36ec1-7aa2-53ab-bb96-4c4ff752096b','','',1605518329,0,0,0),
('5fb24c82993e7591084c856d','Phonemic Awareness, Phonics, and Word Recognition','64a36ec1-7aa2-53ab-bb96-4c4ff752096b','','',1605520514,0,0,0),
('5fb24df3993e7591084c85a2','Comprehension','64a36ec1-7aa2-53ab-bb96-4c4ff752096b','','',1605520883,0,0,0),
('skills0','None Specified',NULL,NULL,NULL,0,0,0,1000),
('skills1','Speaking & Listening',NULL,NULL,NULL,0,0,0,0),
('skills10','Complex Movements',NULL,NULL,NULL,0,0,0,0),
('skills11','Physical Skills',NULL,NULL,NULL,0,0,0,0),
('skills12','Logic & Memory',NULL,NULL,NULL,0,0,0,0),
('skills13','Visual',NULL,NULL,NULL,0,0,0,0),
('skills14','Social Skills',NULL,NULL,NULL,0,0,0,0),
('skills15','Emotional Skills',NULL,NULL,NULL,0,0,0,0),
('skills16','Reasoning',NULL,NULL,NULL,0,0,0,0),
('skills17','Listening',NULL,NULL,NULL,0,0,0,0),
('skills18','Speaking',NULL,NULL,NULL,0,0,0,0),
('skills19','Interpreting',NULL,NULL,NULL,0,0,0,0),
('skills2','Phonics',NULL,NULL,NULL,0,0,0,0),
('skills20','Numbers',NULL,NULL,NULL,0,0,0,0),
('skills21','Fluency',NULL,NULL,NULL,0,0,0,0),
('skills22','Academic Skill (Drawing, Tracing, Coloring, Writing)',NULL,NULL,NULL,0,0,0,0),
('skills23','Play Skill (Drag and Drop, Screen Click)',NULL,NULL,NULL,0,0,0,0),
('skills24','Body Coordination',NULL,NULL,NULL,0,0,0,0),
('skills25','Spatial Representation',NULL,NULL,NULL,0,0,0,0),
('skills26','Counting and Operations',NULL,NULL,NULL,0,0,0,0),
('skills27','Logical Problem-Solving',NULL,NULL,NULL,0,0,0,0),
('skills28','Patterns',NULL,NULL,NULL,0,0,0,0),
('skills29','Social Interactions',NULL,NULL,NULL,0,0,0,0),
('skills3','Vocabulary',NULL,NULL,NULL,0,0,0,0),
('skills30','Empathy',NULL,NULL,NULL,0,0,0,0),
('skills31','Self-Identity',NULL,NULL,NULL,0,0,0,0),
('skills32','Self-Control',NULL,NULL,NULL,0,0,0,0),
('skills33','Writing',NULL,NULL,NULL,0,0,0,0),
('skills34','Science Process (Observing, Classifying, Communicating, Measuring, Predicting)',NULL,NULL,NULL,0,0,0,0),
('skills35','Critical Thinking (Interpretation, Analysis, Evaluation, Inference, Explanation, and Self-Regulation)',NULL,NULL,NULL,0,0,0,0),
('skills36','Reasoning Skills',NULL,NULL,NULL,0,0,0,0),
('skills37','Colors',NULL,NULL,NULL,0,0,0,0),
('skills38','Shapes',NULL,NULL,NULL,0,0,0,0),
('skills39','Letters',NULL,NULL,NULL,0,0,0,0),
('skills4','Thematic Concepts',NULL,NULL,NULL,0,0,0,0),
('skills40','Science',NULL,NULL,NULL,0,0,0,0),
('skills41','Math',NULL,NULL,NULL,0,0,0,0),
('skills42','Coding',NULL,NULL,NULL,0,0,0,0),
('skills43','Experimenting & Problem Solving',NULL,NULL,NULL,0,0,0,0),
('skills44','Phonological Awareness',NULL,NULL,NULL,0,0,0,0),
('skills45','Language Support',NULL,NULL,NULL,0,0,0,0),
('skills46','Communication',NULL,NULL,NULL,0,0,0,0),
('skills47','Emergent Reading',NULL,NULL,NULL,0,0,0,0),
('skills48','Emergent Writing',NULL,NULL,NULL,0,0,0,0),
('skills49','Social-Emotional Learning',NULL,NULL,NULL,0,0,0,0),
('skills5','Reading Skills and Comprehension',NULL,NULL,NULL,0,0,0,0),
('skills50','Cognitive Development',NULL,NULL,NULL,0,0,0,0),
('skills51','Physical Coordination',NULL,NULL,NULL,0,0,0,0),
('skills52','Technology',NULL,NULL,NULL,0,0,0,0),
('skills53','Engineering',NULL,NULL,NULL,0,0,0,0),
('skills54','Miscellaneous',NULL,NULL,NULL,0,0,0,0),
('skills6','Sight Words',NULL,NULL,NULL,0,0,0,0),
('skills7','Sensory',NULL,NULL,NULL,0,0,0,0),
('skills8','Hand-Eye Coordination',NULL,NULL,NULL,0,0,0,0),
('skills9','Simple Movements',NULL,NULL,NULL,0,0,0,0);

INSERT INTO `visibility_settings` (`id`, `name`, `create_id`, `update_id`, `delete_id`, `create_at`, `update_at`, `delete_at`, `number`) VALUES
('visibility_settings1','library_label_visibility_school',NULL,NULL,NULL,0,0,0,0),
('visibility_settings2','library_label_visibility_organization',NULL,NULL,NULL,0,0,0,0);

INSERT INTO `programs_ages` (`id`, `program_id`, `age_id`) VALUES
('5f9fce99f3f631066bfc58ea','program3','age1'),
('5f9fce99f3f631066bfc58eb','program3','age2'),
('5f9fce99f3f631066bfc58ec','program3','age3'),
('5f9fce99f3f631066bfc58ed','program3','age4'),
('5f9fce99f3f631066bfc58ee','program3','age5'),
('5f9fce99f3f631066bfc58fd','program7','age1'),
('5f9fce99f3f631066bfc58fe','program7','age2'),
('5f9fce99f3f631066bfc58ff','program7','age3'),
('5fafcaeedee4be7e859aef61','program2','age1'),
('5fafcaeedee4be7e859aef62','program2','age2'),
('5fafcaeedee4be7e859aef63','program2','age3'),
('5fafcaeedee4be7e859aef64','program2','age4'),
('5fafcaeedee4be7e859aef65','program2','age5'),
('5fb23950993e7591084c8322','program4','age1'),
('5fb23950993e7591084c8323','program4','age2'),
('5fb23950993e7591084c8324','program4','age3'),
('5fb244fe993e7591084c847f','program5','age1'),
('5fb244fe993e7591084c8480','program5','age2'),
('5fb244fe993e7591084c8481','program5','age3'),
('5fb244fe993e7591084c8482','program5','age5'),
('5fb24b3a993e7591084c852c','program6','age1'),
('5fb24b3a993e7591084c852d','program6','age2'),
('5fb24b3a993e7591084c852e','program6','age3'),
('5fb24b3a993e7591084c852f','program6','age5'),
('5fb24f0e993e7591084c85d9','program1','age1'),
('5fb24f0e993e7591084c85da','program1','age2'),
('5fb24f0e993e7591084c85db','program1','age3'),
('5fb32dddddc479140e9df20d','program0','age0');

INSERT INTO `programs_developments` (`id`, `program_id`, `development_id`) VALUES
('5f9fce99f3f631066bfc590a','program3','developmental1'),
('5f9fce99f3f631066bfc590b','program3','developmental2'),
('5f9fce99f3f631066bfc590c','program3','developmental3'),
('5f9fce99f3f631066bfc590d','program3','developmental4'),
('5f9fce99f3f631066bfc590e','program3','developmental8'),
('5fb239b9993e7591084c8334','program4','developmental4'),
('5fb239b9993e7591084c8335','program4','developmental2'),
('5fb239b9993e7591084c8336','program4','developmental3'),
('5fb239b9993e7591084c8337','program4','developmental5'),
('5fb239b9993e7591084c8338','program4','developmental1'),
('5fb239b9993e7591084c8339','program4','developmental9'),
('5fb239b9993e7591084c833a','program4','developmental10'),
('5fb239b9993e7591084c833b','program4','developmental11'),
('5fb239b9993e7591084c833c','program4','developmental12'),
('5fb2428a993e7591084c8422','program2','developmental7'),
('5fb2428a993e7591084c8423','program2','developmental2'),
('5fb2428a993e7591084c8424','program2','developmental3'),
('5fb2428a993e7591084c8425','program2','developmental6'),
('5fb2428a993e7591084c8426','program2','developmental8'),
('5fb2455d993e7591084c8490','program5','developmental2'),
('5fb2455d993e7591084c8491','program5','developmental1'),
('5fb2455d993e7591084c8492','program5','developmental3'),
('5fb2455d993e7591084c8493','program5','developmental4'),
('5fb2455d993e7591084c8494','program5','developmental5'),
('5fb2455d993e7591084c8495','program5','developmental9'),
('5fb2455d993e7591084c8496','program5','developmental10'),
('5fb2455d993e7591084c8497','program5','developmental11'),
('5fb2455d993e7591084c8498','program5','developmental12'),
('5fb248e5993e7591084c84ed','program7','developmental11'),
('5fb248e5993e7591084c84ee','program7','developmental1'),
('5fb248e5993e7591084c84ef','program7','developmental2'),
('5fb248e5993e7591084c84f0','program7','developmental3'),
('5fb248e5993e7591084c84f1','program7','developmental4'),
('5fb248e5993e7591084c84f2','program7','developmental5'),
('5fb248e5993e7591084c84f3','program7','developmental9'),
('5fb248e5993e7591084c84f4','program7','developmental10'),
('5fb248e5993e7591084c84f5','program7','developmental12'),
('5fb24b83993e7591084c8540','program6','developmental2'),
('5fb24b83993e7591084c8541','program6','developmental1'),
('5fb24b83993e7591084c8542','program6','developmental3'),
('5fb24b83993e7591084c8543','program6','developmental4'),
('5fb24b83993e7591084c8544','program6','developmental5'),
('5fb24b83993e7591084c8545','program6','developmental9'),
('5fb24b83993e7591084c8546','program6','developmental10'),
('5fb24b83993e7591084c8547','program6','developmental11'),
('5fb24b83993e7591084c8548','program6','developmental12'),
('5fb250a3993e7591084c85e7','program1','developmental1'),
('5fb250a3993e7591084c85e8','program1','developmental2'),
('5fb250a3993e7591084c85e9','program1','developmental3'),
('5fb250a3993e7591084c85ea','program1','developmental4'),
('5fb250a3993e7591084c85eb','program1','developmental5'),
('5fb250a3993e7591084c85ec','program1','developmental9'),
('5fb250a3993e7591084c85ed','program1','developmental10'),
('5fb250a3993e7591084c85ee','program1','developmental11'),
('5fb250a3993e7591084c85ef','program1','developmental12'),
('5fb32df3ddc479140e9df219','program0','developmental0');

INSERT INTO `programs_grades` (`id`, `program_id`, `grade_id`) VALUES
('5f9fce99f3f631066bfc592d','program3','grade2'),
('5f9fce99f3f631066bfc592e','program3','grade3'),
('5f9fce99f3f631066bfc592f','program3','grade4'),
('5f9fce99f3f631066bfc5930','program3','grade5'),
('5f9fce99f3f631066bfc5931','program3','grade6'),
('5fae5332b0b6b94a309ec5b5','program2','grade5'),
('5fae5332b0b6b94a309ec5b6','program2','grade6'),
('5fae5332b0b6b94a309ec5b7','program2','grade4'),
('5fae5332b0b6b94a309ec5b8','program2','grade3'),
('5fae5332b0b6b94a309ec5b9','program2','grade2'),
('5fae5386b0b6b94a309ec5c7','program7','grade0'),
('5fb23961993e7591084c8328','program4','grade0'),
('5fb24510993e7591084c8486','program5','grade0'),
('5fb24b42993e7591084c8533','program6','grade0'),
('5fb24f14993e7591084c85df','program1','grade0'),
('5fb32de3ddc479140e9df211','program0','grade0');

INSERT INTO `developments_skills` (`id`, `development_id`, `skill_id`, `program_id`) VALUES
('5fb32e03ddc479140e9df21e','developmental0','skills0','program0'),
('5fa2583c14afd865cba2003f','developmental1','skills1','program1'),
('5fa2583c14afd865cba20040','developmental1','skills2','program1'),
('5fa2583c14afd865cba20041','developmental1','skills3','program1'),
('5fa2583c14afd865cba20042','developmental1','skills4','program1'),
('5fa2583c14afd865cba20043','developmental1','skills5','program1'),
('5fa2583c14afd865cba20044','developmental1','skills6','program1'),
('5fb32d2addc479140e9df1f6','developmental10','skills47','program1'),
('5fb32d2addc479140e9df1f7','developmental10','skills48','program1'),
('5fb32d15ddc479140e9df1f1','developmental11','skills49','program1'),
('5fb32d15ddc479140e9df1f2','developmental11','skills50','program1'),
('5fb32d15ddc479140e9df1f3','developmental11','skills51','program1'),
('5fb32cedddc479140e9df1e4','developmental12','5fb241c7993e7591084c83f7','program1'),
('5fb32ceeddc479140e9df1e9','developmental12','5fb241d2993e7591084c83fa','program1'),
('5fb32ceeddc479140e9df1ea','developmental12','5fb241e7993e7591084c83fd','program1'),
('5fb32ceeddc479140e9df1eb','developmental12','5fb241f2993e7591084c8400','program1'),
('5fb32ceeddc479140e9df1ec','developmental12','5fb241fe993e7591084c8403','program1'),
('5fb32cedddc479140e9df1e5','developmental12','skills40','program1'),
('5fb32ceeddc479140e9df1e7','developmental12','skills41','program1'),
('5fb32cedddc479140e9df1e6','developmental12','skills52','program1'),
('5fb32ceeddc479140e9df1e8','developmental12','skills53','program1'),
('5fb32ceeddc479140e9df1ed','developmental12','skills54','program1'),
('5fa2583c14afd865cba20045','developmental2','skills7','program1'),
('5fa2583c14afd865cba20046','developmental2','skills8','program1'),
('5fa2583c14afd865cba20048','developmental3','skills10','program1'),
('5fa2583c14afd865cba20049','developmental3','skills11','program1'),
('5fa2583c14afd865cba20047','developmental3','skills9','program1'),
('5fa2583c14afd865cba2004a','developmental4','skills12','program1'),
('5fa2583c14afd865cba2004b','developmental4','skills13','program1'),
('5fa2583c14afd865cba2004c','developmental5','skills14','program1'),
('5fa2583c14afd865cba2004d','developmental5','skills15','program1'),
('5fb32d8dddc479140e9df200','developmental9','skills3','program1'),
('5fb32d8dddc479140e9df1ff','developmental9','skills44','program1'),
('5fb32d8dddc479140e9df201','developmental9','skills45','program1'),
('5fb32d8dddc479140e9df202','developmental9','skills46','program1'),
('5fafc33e55f56a30ea1bcea3','developmental11','','program2'),
('5fb2448b993e7591084c8467','developmental2','5fb243d2993e7591084c8448','program2'),
('5fb2448b993e7591084c8468','developmental2','5fb243db993e7591084c844b','program2'),
('5fb2448b993e7591084c8469','developmental2','5fb243e1993e7591084c844e','program2'),
('5fb2448b993e7591084c846b','developmental2','5fb243f4993e7591084c8454','program2'),
('5fb2448b993e7591084c846c','developmental2','5fb243f9993e7591084c8457','program2'),
('5fb2448b993e7591084c846a','developmental2','skills33','program2'),
('5fb244ae993e7591084c8471','developmental3','skills10','program2'),
('5fb244ae993e7591084c8472','developmental3','skills11','program2'),
('5fb244ae993e7591084c846f','developmental3','skills24','program2'),
('5fb244ae993e7591084c8470','developmental3','skills9','program2'),
('5fb24366993e7591084c8442','developmental6','5fb242d6993e7591084c842d','program2'),
('5fb24366993e7591084c843f','developmental6','skills16','program2'),
('5fb24366993e7591084c843d','developmental6','skills17','program2'),
('5fb24366993e7591084c8440','developmental6','skills18','program2'),
('5fb24366993e7591084c843c','developmental6','skills19','program2'),
('5fb24366993e7591084c843e','developmental6','skills20','program2'),
('5fb24366993e7591084c843b','developmental6','skills21','program2'),
('5fb24366993e7591084c8441','developmental6','skills3','program2'),
('5fb244d0993e7591084c8478','developmental7','skills25','program2'),
('5fb244d0993e7591084c8475','developmental7','skills26','program2'),
('5fb244d0993e7591084c8476','developmental7','skills27','program2'),
('5fb244d0993e7591084c8477','developmental7','skills28','program2'),
('5fafc38c55f56a30ea1bceb5','developmental8','skills29','program2'),
('5fafc38c55f56a30ea1bceb2','developmental8','skills30','program2'),
('5fafc38c55f56a30ea1bceb4','developmental8','skills31','program2'),
('5fafc38c55f56a30ea1bceb3','developmental8','skills32','program2'),
('5fb24e4b993e7591084c85b1','developmental1','5fb242d6993e7591084c842d','program3'),
('5fb24e4b993e7591084c85b0','developmental1','5fb24df3993e7591084c85a2','program3'),
('5fb24e4b993e7591084c85b4','developmental1','skills17','program3'),
('5fb24e4b993e7591084c85b3','developmental1','skills18','program3'),
('5fb24e4b993e7591084c85b5','developmental1','skills2','program3'),
('5fb24e4b993e7591084c85b6','developmental1','skills21','program3'),
('5fb24e4b993e7591084c85b2','developmental1','skills33','program3'),
('5fb24e6d993e7591084c85b9','developmental2','5fb243d2993e7591084c8448','program3'),
('5fb24e6d993e7591084c85ba','developmental2','5fb243db993e7591084c844b','program3'),
('5fb24e6d993e7591084c85bb','developmental2','5fb243e1993e7591084c844e','program3'),
('5fb24e6d993e7591084c85bd','developmental2','5fb243f4993e7591084c8454','program3'),
('5fb24e6e993e7591084c85be','developmental2','5fb243f9993e7591084c8457','program3'),
('5fb24e6d993e7591084c85bc','developmental2','skills33','program3'),
('5fb24e80993e7591084c85c1','developmental3','skills10','program3'),
('5fb24e80993e7591084c85c3','developmental3','skills11','program3'),
('5fb24e80993e7591084c85c2','developmental3','skills9','program3'),
('5fb24edb993e7591084c85cd','developmental4','skills34','program3'),
('5fb24edb993e7591084c85ce','developmental4','skills35','program3'),
('5fb24edb993e7591084c85cf','developmental4','skills36','program3'),
('5fb24ef6993e7591084c85d2','developmental8','skills29','program3'),
('5fb24ef6993e7591084c85d3','developmental8','skills30','program3'),
('5fb24ef6993e7591084c85d4','developmental8','skills31','program3'),
('5fb24ef6993e7591084c85d5','developmental8','skills32','program3'),
('5fb24061993e7591084c83bb','developmental1','skills1','program4'),
('5fb24061993e7591084c83bc','developmental1','skills2','program4'),
('5fb24061993e7591084c83bd','developmental1','skills3','program4'),
('5fb24061993e7591084c83be','developmental1','skills4','program4'),
('5fb24061993e7591084c83bf','developmental1','skills5','program4'),
('5fb24061993e7591084c83c0','developmental1','skills6','program4'),
('5fb24119993e7591084c83df','developmental10','skills47','program4'),
('5fb24119993e7591084c83e0','developmental10','skills48','program4'),
('5fb2415c993e7591084c83eb','developmental11','skills49','program4'),
('5fb2415c993e7591084c83ec','developmental11','skills50','program4'),
('5fb2415c993e7591084c83ed','developmental11','skills51','program4'),
('5fb24225993e7591084c8410','developmental12','5fb241c7993e7591084c83f7','program4'),
('5fb24225993e7591084c8411','developmental12','5fb241d2993e7591084c83fa','program4'),
('5fb24225993e7591084c8412','developmental12','5fb241e7993e7591084c83fd','program4'),
('5fb24225993e7591084c8413','developmental12','5fb241f2993e7591084c8400','program4'),
('5fb24225993e7591084c8414','developmental12','5fb241fe993e7591084c8403','program4'),
('5fb24225993e7591084c840e','developmental12','skills40','program4'),
('5fb24225993e7591084c840c','developmental12','skills41','program4'),
('5fb24225993e7591084c840f','developmental12','skills52','program4'),
('5fb24225993e7591084c840b','developmental12','skills53','program4'),
('5fb24225993e7591084c840d','developmental12','skills54','program4'),
('5fb23ee0993e7591084c8398','developmental2','skills7','program4'),
('5fb23ee0993e7591084c8399','developmental2','skills8','program4'),
('5fb23fc5993e7591084c83ac','developmental3','skills10','program4'),
('5fb23fc5993e7591084c83ad','developmental3','skills11','program4'),
('5fb23fc5993e7591084c83ab','developmental3','skills9','program4'),
('5fb2401c993e7591084c83b5','developmental4','skills12','program4'),
('5fb2401c993e7591084c83b6','developmental4','skills13','program4'),
('5fb240d9993e7591084c83d5','developmental5','skills14','program4'),
('5fb240d9993e7591084c83d6','developmental5','skills15','program4'),
('5fb24101993e7591084c83da','developmental9','skills3','program4'),
('5fb24101993e7591084c83d9','developmental9','skills44','program4'),
('5fb24101993e7591084c83db','developmental9','skills45','program4'),
('5fb24101993e7591084c83dc','developmental9','skills46','program4'),
('5fb2459a993e7591084c849e','developmental1','skills1','program5'),
('5fb2459a993e7591084c849f','developmental1','skills2','program5'),
('5fb2459a993e7591084c84a0','developmental1','skills3','program5'),
('5fb2459a993e7591084c84a1','developmental1','skills4','program5'),
('5fb2459a993e7591084c84a2','developmental1','skills5','program5'),
('5fb2459a993e7591084c84a3','developmental1','skills6','program5'),
('5fb2462c993e7591084c84bd','developmental10','5fb242d6993e7591084c842d','program5'),
('5fb2462c993e7591084c84bc','developmental10','skills33','program5'),
('5fb24647993e7591084c84c0','developmental11','skills49','program5'),
('5fb24647993e7591084c84c1','developmental11','skills50','program5'),
('5fb24647993e7591084c84c2','developmental11','skills51','program5'),
('5fb24694993e7591084c84c6','developmental12','5fb241c7993e7591084c83f7','program5'),
('5fb24694993e7591084c84ca','developmental12','5fb241d2993e7591084c83fa','program5'),
('5fb24694993e7591084c84cb','developmental12','5fb241e7993e7591084c83fd','program5'),
('5fb24694993e7591084c84cc','developmental12','5fb241f2993e7591084c8400','program5'),
('5fb24694993e7591084c84cd','developmental12','5fb241fe993e7591084c8403','program5'),
('5fb24694993e7591084c84c5','developmental12','skills40','program5'),
('5fb24694993e7591084c84c8','developmental12','skills41','program5'),
('5fb24694993e7591084c84c7','developmental12','skills52','program5'),
('5fb24694993e7591084c84c9','developmental12','skills53','program5'),
('5fb24694993e7591084c84ce','developmental12','skills54','program5'),
('5fb245af993e7591084c84a6','developmental2','skills7','program5'),
('5fb245af993e7591084c84a7','developmental2','skills8','program5'),
('5fb245cc993e7591084c84ab','developmental3','skills10','program5'),
('5fb245cc993e7591084c84ac','developmental3','skills11','program5'),
('5fb245cc993e7591084c84aa','developmental3','skills9','program5'),
('5fb245e4993e7591084c84af','developmental4','skills12','program5'),
('5fb245e4993e7591084c84b0','developmental4','skills13','program5'),
('5fb24600993e7591084c84b3','developmental5','skills14','program5'),
('5fb24600993e7591084c84b4','developmental5','skills15','program5'),
('5fb2461b993e7591084c84b7','developmental9','skills3','program5'),
('5fb2461b993e7591084c84b8','developmental9','skills45','program5'),
('5fb2461b993e7591084c84b9','developmental9','skills46','program5'),
('5fb24bb8993e7591084c854e','developmental1','skills1','program6'),
('5fb24bb8993e7591084c854f','developmental1','skills2','program6'),
('5fb24bb8993e7591084c8550','developmental1','skills3','program6'),
('5fb24bb8993e7591084c8551','developmental1','skills4','program6'),
('5fb24bb8993e7591084c8552','developmental1','skills5','program6'),
('5fb24bb8993e7591084c8553','developmental1','skills6','program6'),
('5fb24cae993e7591084c8576','developmental10','5fb242d6993e7591084c842d','program6'),
('5fb24cae993e7591084c8575','developmental10','5fb24c82993e7591084c856d','program6'),
('5fb24cae993e7591084c8577','developmental10','skills33','program6'),
('5fb24cd7993e7591084c857a','developmental11','skills49','program6'),
('5fb24cd7993e7591084c857b','developmental11','skills50','program6'),
('5fb24cd7993e7591084c857c','developmental11','skills51','program6'),
('5fb24d26993e7591084c858b','developmental12','5fb241c7993e7591084c83f7','program6'),
('5fb24d26993e7591084c858f','developmental12','5fb241d2993e7591084c83fa','program6'),
('5fb24d26993e7591084c8590','developmental12','5fb241e7993e7591084c83fd','program6'),
('5fb24d26993e7591084c8591','developmental12','5fb241f2993e7591084c8400','program6'),
('5fb24d26993e7591084c8592','developmental12','5fb241fe993e7591084c8403','program6'),
('5fb24d26993e7591084c858a','developmental12','skills40','program6'),
('5fb24d26993e7591084c858d','developmental12','skills41','program6'),
('5fb24d26993e7591084c858c','developmental12','skills52','program6'),
('5fb24d26993e7591084c858e','developmental12','skills53','program6'),
('5fb24d26993e7591084c8593','developmental12','skills54','program6'),
('5fb24bcc993e7591084c8556','developmental2','skills7','program6'),
('5fb24bcc993e7591084c8557','developmental2','skills8','program6'),
('5fb24c0f993e7591084c855b','developmental3','skills10','program6'),
('5fb24c0f993e7591084c855c','developmental3','skills11','program6'),
('5fb24c0e993e7591084c855a','developmental3','skills9','program6'),
('5fb24c23993e7591084c855f','developmental4','skills12','program6'),
('5fb24c23993e7591084c8560','developmental4','skills13','program6'),
('5fb24c3e993e7591084c8563','developmental5','skills14','program6'),
('5fb24c3e993e7591084c8564','developmental5','skills15','program6'),
('5fb24c58993e7591084c8567','developmental9','skills3','program6'),
('5fb24c58993e7591084c8568','developmental9','skills45','program6'),
('5fb24c58993e7591084c8569','developmental9','skills46','program6'),
('5fb24928993e7591084c84fe','developmental1','skills1','program7'),
('5fb24928993e7591084c84ff','developmental1','skills2','program7'),
('5fb24928993e7591084c8500','developmental1','skills3','program7'),
('5fb24928993e7591084c8501','developmental1','skills4','program7'),
('5fb24928993e7591084c8502','developmental1','skills5','program7'),
('5fb24928993e7591084c8503','developmental1','skills6','program7'),
('5fa2583c14afd865cba20061','developmental10','skills47','program7'),
('5fa2583c14afd865cba20062','developmental10','skills48','program7'),
('5fa2583c14afd865cba20063','developmental11','skills49','program7'),
('5fa2583c14afd865cba20064','developmental11','skills50','program7'),
('5fa2583c14afd865cba20065','developmental11','skills51','program7'),
('5fb24ae4993e7591084c851f','developmental12','5fb241c7993e7591084c83f7','program7'),
('5fb24ae4993e7591084c8520','developmental12','5fb241d2993e7591084c83fa','program7'),
('5fb24ae4993e7591084c8521','developmental12','5fb241e7993e7591084c83fd','program7'),
('5fb24ae4993e7591084c8522','developmental12','5fb241f2993e7591084c8400','program7'),
('5fb24ae4993e7591084c8523','developmental12','5fb241fe993e7591084c8403','program7'),
('5fb24ae4993e7591084c851d','developmental12','skills40','program7'),
('5fb24ae4993e7591084c851b','developmental12','skills41','program7'),
('5fb24ae4993e7591084c851e','developmental12','skills52','program7'),
('5fb24ae4993e7591084c851a','developmental12','skills53','program7'),
('5fb24ae4993e7591084c851c','developmental12','skills54','program7'),
('5fb2493e993e7591084c8506','developmental2','skills7','program7'),
('5fb2493e993e7591084c8507','developmental2','skills8','program7'),
('5fb24957993e7591084c850a','developmental3','skills10','program7'),
('5fb24957993e7591084c850c','developmental3','skills11','program7'),
('5fb24957993e7591084c850b','developmental3','skills9','program7'),
('5fb24977993e7591084c850f','developmental4','skills12','program7'),
('5fb24977993e7591084c8510','developmental4','skills13','program7'),
('5fb249b1993e7591084c8513','developmental5','skills14','program7'),
('5fb249b1993e7591084c8514','developmental5','skills15','program7'),
('5fa2583c14afd865cba2005e','developmental9','skills3','program7'),
('5fa2583c14afd865cba2005d','developmental9','skills44','program7'),
('5fa2583c14afd865cba2005f','developmental9','skills45','program7'),
('5fa2583c14afd865cba20060','developmental9','skills46','program7');

INSERT INTO `programs_subjects` (`id`, `program_id`, `subject_id`) VALUES
('5f9fce99f3f631066bfc596d','program1','subject1'),
('5f9fce99f3f631066bfc596f','program3','subject3'),
('5f9fce99f3f631066bfc5970','program4','subject1'),
('5f9fce99f3f631066bfc5973','program7','subject1'),
('5fae5535b0b6b94a309ec5d4','program2','subject2'),
('5fb24528993e7591084c848c','program5','subject1'),
('5fb24b52993e7591084c853c','program6','subject1'),
('5fb32deaddc479140e9df215','program0','subject0');
